Country,Region,Happiness Rank 2015,Happiness Score 2015,Economy (GDP per Capita) 2015,Family 2015,Health (Life Expectancy) 2015,Freedom 2015,Trust (Government Corruption) 2015,Generosity 2015,Happiness Rank 2016,Happiness Score 2016,Economy (GDP per Capita) 2016,Family 2016,Health (Life Expectancy) 2016,Freedom 2016,Trust (Government Corruption) 2016,Generosity 2016,Happiness Rank 2017,Happiness Score 2017,Economy (GDP per Capita) 2017,Family 2017,Health (Life Expectancy) 2017,Freedom 2017,Trust (Government Corruption) 2017,Generosity 2017,Happiness Rank 2018,Happiness Score 2018,Economy (GDP per Capita) 2018,Family 2018,Health (Life Expectancy) 2018,Freedom 2018,Trust (Government Corruption) 2018,Generosity 2018,Happiness Rank 2019,Happiness Score 2019,Economy (GDP per Capita) 2019,Family 2019,Health (Life Expectancy) 2019,Freedom 2019,Trust (Government Corruption) 2019,Generosity 2019
Switzerland,Western Europe,1.0,7.587,1.397,1.35,0.941,0.666,0.42,0.297,2.0,7.509,1.527,1.145,0.863,0.586,0.412,0.281,4.0,7.494,1.565,1.517,0.858,0.62,0.367,0.291,5.0,7.487,1.42,1.549,0.927,0.66,0.357,0.256,6.0,7.48,1.452,1.526,1.052,0.572,0.343,0.263
Iceland,Western Europe,2.0,7.561,1.302,1.402,0.948,0.629,0.141,0.436,3.0,7.501,1.427,1.183,0.867,0.566,0.15,0.477,3.0,7.504,1.481,1.611,0.834,0.627,0.154,0.476,4.0,7.495,1.343,1.644,0.914,0.677,0.138,0.353,4.0,7.494,1.38,1.624,1.026,0.591,0.118,0.354
Denmark,Western Europe,3.0,7.527,1.325,1.361,0.875,0.649,0.484,0.341,1.0,7.526,1.442,1.164,0.795,0.579,0.445,0.362,2.0,7.522,1.482,1.551,0.793,0.626,0.401,0.355,3.0,7.555,1.351,1.59,0.868,0.683,0.408,0.284,2.0,7.6,1.383,1.573,0.996,0.592,0.41,0.252
Norway,Western Europe,4.0,7.522,1.459,1.331,0.885,0.67,0.365,0.347,4.0,7.498,1.577,1.127,0.796,0.596,0.358,0.379,1.0,7.537,1.616,1.534,0.797,0.635,0.316,0.362,2.0,7.594,1.456,1.582,0.861,0.686,0.34,0.286,3.0,7.554,1.488,1.582,1.028,0.603,0.341,0.271
Canada,North America,5.0,7.427,1.326,1.323,0.906,0.633,0.33,0.458,6.0,7.404,1.44,1.096,0.828,0.574,0.313,0.448,7.0,7.316,1.479,1.481,0.835,0.611,0.287,0.436,7.0,7.328,1.33,1.532,0.896,0.653,0.291,0.321,9.0,7.278,1.365,1.505,1.039,0.584,0.308,0.285
Finland,Western Europe,6.0,7.406,1.29,1.318,0.889,0.642,0.414,0.234,5.0,7.413,1.406,1.135,0.811,0.571,0.41,0.255,5.0,7.469,1.444,1.54,0.809,0.618,0.383,0.245,1.0,7.632,1.305,1.592,0.874,0.681,0.393,0.202,1.0,7.769,1.34,1.587,0.986,0.596,0.393,0.153
Netherlands,Western Europe,7.0,7.378,1.329,1.28,0.893,0.616,0.318,0.476,7.0,7.339,1.465,1.029,0.812,0.552,0.299,0.474,6.0,7.377,1.504,1.429,0.811,0.585,0.283,0.47,6.0,7.441,1.361,1.488,0.878,0.638,0.295,0.333,5.0,7.488,1.396,1.522,0.999,0.557,0.298,0.322
Sweden,Western Europe,8.0,7.364,1.332,1.289,0.911,0.66,0.438,0.363,10.0,7.291,1.452,1.088,0.831,0.582,0.409,0.383,9.0,7.284,1.494,1.478,0.831,0.613,0.384,0.385,9.0,7.314,1.355,1.501,0.913,0.659,0.383,0.285,7.0,7.343,1.387,1.487,1.009,0.574,0.373,0.267
New Zealand,Australia and New Zealand,9.0,7.286,1.25,1.32,0.908,0.639,0.429,0.475,8.0,7.334,1.361,1.173,0.831,0.581,0.419,0.494,8.0,7.314,1.406,1.548,0.817,0.614,0.383,0.5,8.0,7.324,1.268,1.601,0.876,0.669,0.389,0.365,8.0,7.307,1.303,1.557,1.026,0.585,0.38,0.33
Australia,Australia and New Zealand,10.0,7.284,1.334,1.309,0.932,0.651,0.356,0.436,9.0,7.313,1.444,1.105,0.851,0.568,0.323,0.474,10.0,7.284,1.484,1.51,0.844,0.602,0.301,0.478,10.0,7.272,1.34,1.573,0.91,0.647,0.302,0.361,11.0,7.228,1.372,1.548,1.036,0.557,0.29,0.332
Israel,Middle East and Northern Africa,11.0,7.278,1.229,1.224,0.914,0.413,0.078,0.332,11.0,7.267,1.338,0.995,0.849,0.364,0.087,0.323,11.0,7.213,1.375,1.376,0.838,0.406,0.085,0.33,19.0,6.814,1.301,1.559,0.883,0.533,0.272,0.354,13.0,7.139,1.276,1.455,1.029,0.371,0.082,0.261
Costa Rica,Latin America and Caribbean,12.0,7.226,0.956,1.238,0.86,0.634,0.106,0.255,14.0,7.087,1.069,1.022,0.761,0.552,0.105,0.226,12.0,7.079,1.11,1.416,0.76,0.58,0.1,0.215,13.0,7.072,1.01,1.459,0.817,0.632,0.101,0.143,12.0,7.167,1.034,1.441,0.963,0.558,0.093,0.144
Austria,Western Europe,13.0,7.2,1.337,1.297,0.89,0.624,0.187,0.331,12.0,7.119,1.45,1.084,0.806,0.544,0.213,0.329,13.0,7.006,1.487,1.46,0.815,0.568,0.221,0.316,12.0,7.139,1.341,1.504,0.891,0.617,0.224,0.242,10.0,7.246,1.376,1.475,1.016,0.532,0.226,0.244
Mexico,Latin America and Caribbean,14.0,7.187,1.021,0.915,0.814,0.482,0.213,0.141,21.0,6.778,1.115,0.715,0.711,0.377,0.184,0.117,25.0,6.578,1.153,1.211,0.71,0.413,0.133,0.121,24.0,6.488,1.038,1.252,0.761,0.479,0.095,0.069,23.0,6.595,1.07,1.323,0.861,0.433,0.073,0.074
United States,North America,15.0,7.119,1.395,1.247,0.862,0.546,0.159,0.401,13.0,7.104,1.508,1.048,0.779,0.482,0.149,0.411,14.0,6.993,1.546,1.42,0.774,0.506,0.136,0.393,18.0,6.886,1.398,1.471,0.819,0.547,0.133,0.291,19.0,6.892,1.433,1.457,0.874,0.454,0.128,0.28
Brazil,Latin America and Caribbean,16.0,6.983,0.981,1.233,0.697,0.49,0.175,0.146,17.0,6.952,1.088,1.039,0.614,0.404,0.142,0.158,22.0,6.635,1.107,1.431,0.617,0.437,0.111,0.162,28.0,6.419,0.986,1.474,0.675,0.493,0.088,0.11,32.0,6.3,1.004,1.439,0.802,0.39,0.086,0.099
Luxembourg,Western Europe,17.0,6.946,1.564,1.22,0.919,0.616,0.378,0.28,20.0,6.871,1.698,1.04,0.845,0.549,0.353,0.276,18.0,6.863,1.742,1.458,0.845,0.597,0.319,0.283,17.0,6.91,1.576,1.52,0.896,0.632,0.321,0.196,14.0,7.09,1.609,1.479,1.012,0.526,0.316,0.194
Ireland,Western Europe,18.0,6.94,1.336,1.369,0.895,0.618,0.287,0.459,19.0,6.907,1.483,1.162,0.815,0.54,0.298,0.45,15.0,6.977,1.536,1.558,0.81,0.573,0.298,0.428,14.0,6.977,1.448,1.583,0.876,0.614,0.306,0.307,16.0,7.021,1.499,1.553,0.999,0.516,0.31,0.298
Belgium,Western Europe,19.0,6.937,1.308,1.286,0.897,0.585,0.225,0.223,18.0,6.929,1.425,1.052,0.82,0.514,0.262,0.242,17.0,6.891,1.464,1.462,0.818,0.54,0.251,0.232,16.0,6.927,1.324,1.483,0.894,0.583,0.24,0.188,18.0,6.923,1.356,1.504,0.986,0.473,0.21,0.16
United Kingdom,Western Europe,21.0,6.867,1.266,1.285,0.909,0.596,0.321,0.519,23.0,6.725,1.403,1.087,0.81,0.5,0.274,0.502,19.0,6.714,1.442,1.496,0.805,0.508,0.265,0.493,11.0,7.19,1.244,1.433,0.888,0.464,0.082,0.262,15.0,7.054,1.333,1.538,0.996,0.45,0.278,0.348
Venezuela,Latin America and Caribbean,23.0,6.81,1.044,1.256,0.721,0.429,0.111,0.058,44.0,6.084,1.134,1.033,0.619,0.198,0.083,0.043,82.0,5.25,1.128,1.431,0.617,0.154,0.064,0.065,102.0,4.806,0.996,1.469,0.657,0.133,0.052,0.056,108.0,4.707,0.96,1.427,0.805,0.154,0.047,0.064
Singapore,Southeastern Asia,24.0,6.798,1.522,1.02,1.025,0.543,0.492,0.311,22.0,6.739,1.646,0.868,0.947,0.488,0.47,0.327,26.0,6.572,1.692,1.354,0.949,0.55,0.464,0.346,34.0,6.343,1.529,1.451,1.008,0.631,0.457,0.261,34.0,6.262,1.572,1.463,1.141,0.556,0.453,0.271
Panama,Latin America and Caribbean,25.0,6.786,1.064,1.199,0.797,0.542,0.093,0.244,25.0,6.701,1.183,0.989,0.708,0.489,0.084,0.242,30.0,6.452,1.234,1.373,0.706,0.55,0.071,0.211,27.0,6.43,1.112,1.438,0.759,0.597,0.063,0.125,31.0,6.321,1.149,1.442,0.91,0.516,0.054,0.109
Germany,Western Europe,26.0,6.75,1.328,1.299,0.892,0.615,0.218,0.282,16.0,6.994,1.448,1.098,0.815,0.535,0.286,0.305,16.0,6.951,1.488,1.473,0.799,0.563,0.277,0.336,15.0,6.965,1.34,1.474,0.861,0.586,0.28,0.273,17.0,6.985,1.373,1.454,0.987,0.495,0.265,0.261
Chile,Latin America and Caribbean,27.0,6.67,1.107,1.124,0.859,0.441,0.129,0.334,24.0,6.705,1.217,0.906,0.819,0.378,0.115,0.316,20.0,6.652,1.253,1.284,0.819,0.377,0.082,0.327,25.0,6.476,1.131,1.331,0.808,0.431,0.061,0.197,26.0,6.444,1.159,1.369,0.92,0.357,0.056,0.187
Qatar,Middle East and Northern Africa,28.0,6.611,1.69,1.079,0.797,0.64,0.522,0.326,36.0,6.375,1.824,0.88,0.717,0.567,0.48,0.324,35.0,6.375,1.871,1.274,0.71,0.604,0.439,0.33,32.0,6.374,1.649,1.303,0.748,0.654,0.171,0.256,29.0,6.374,1.684,1.313,0.871,0.555,0.167,0.22
France,Western Europe,29.0,6.575,1.278,1.26,0.946,0.55,0.206,0.123,32.0,6.478,1.395,1.005,0.838,0.466,0.178,0.122,31.0,6.442,1.431,1.388,0.844,0.47,0.173,0.13,23.0,6.489,1.293,1.466,0.908,0.52,0.176,0.098,24.0,6.592,1.324,1.472,1.045,0.436,0.183,0.111
Argentina,Latin America and Caribbean,30.0,6.574,1.054,1.248,0.787,0.45,0.085,0.115,26.0,6.65,1.151,1.066,0.697,0.423,0.073,0.11,24.0,6.599,1.185,1.44,0.695,0.495,0.06,0.109,29.0,6.388,1.073,1.468,0.744,0.57,0.054,0.062,47.0,6.086,1.092,1.432,0.881,0.471,0.05,0.066
Czech Republic,Central and Eastern Europe,31.0,6.505,1.179,1.206,0.845,0.464,0.027,0.107,27.0,6.596,1.309,1.008,0.764,0.414,0.04,0.099,23.0,6.609,1.353,1.434,0.754,0.491,0.037,0.088,21.0,6.711,1.233,1.489,0.854,0.543,0.034,0.064,20.0,6.852,1.269,1.487,0.92,0.457,0.036,0.046
Uruguay,Latin America and Caribbean,32.0,6.485,1.062,1.209,0.812,0.604,0.246,0.232,29.0,6.545,1.182,1.031,0.722,0.544,0.214,0.181,28.0,6.454,1.218,1.412,0.719,0.579,0.178,0.175,31.0,6.379,1.093,1.459,0.771,0.625,0.155,0.13,33.0,6.293,1.124,1.465,0.891,0.523,0.15,0.127
Colombia,Latin America and Caribbean,33.0,6.477,0.919,1.24,0.691,0.535,0.051,0.184,31.0,6.481,1.03,1.022,0.597,0.447,0.054,0.156,36.0,6.357,1.071,1.402,0.595,0.477,0.047,0.149,37.0,6.26,0.96,1.439,0.635,0.531,0.039,0.099,43.0,6.125,0.985,1.41,0.841,0.47,0.034,0.099
Thailand,Southeastern Asia,34.0,6.455,0.967,1.265,0.739,0.557,0.032,0.576,33.0,6.474,1.089,1.045,0.649,0.496,0.028,0.587,32.0,6.424,1.128,1.426,0.647,0.58,0.032,0.572,46.0,6.072,1.016,1.417,0.707,0.637,0.029,0.364,52.0,6.008,1.05,1.409,0.828,0.557,0.028,0.359
Saudi Arabia,Middle East and Northern Africa,35.0,6.411,1.395,1.084,0.72,0.31,0.325,0.137,34.0,6.379,1.49,0.848,0.593,0.379,0.3,0.155,37.0,6.344,1.531,1.287,0.59,0.45,0.273,0.148,33.0,6.371,1.379,1.331,0.633,0.509,0.127,0.098,28.0,6.375,1.403,1.357,0.795,0.439,0.132,0.08
Spain,Western Europe,36.0,6.329,1.23,1.314,0.956,0.46,0.064,0.182,37.0,6.361,1.343,1.129,0.879,0.375,0.061,0.177,34.0,6.403,1.384,1.532,0.889,0.409,0.071,0.19,36.0,6.31,1.251,1.538,0.965,0.449,0.074,0.142,30.0,6.354,1.286,1.484,1.062,0.362,0.079,0.153
Malta,Western Europe,37.0,6.302,1.207,1.302,0.887,0.604,0.136,0.518,30.0,6.488,1.308,1.099,0.803,0.55,0.176,0.562,27.0,6.527,1.343,1.488,0.822,0.589,0.153,0.575,22.0,6.627,1.27,1.525,0.884,0.645,0.142,0.376,22.0,6.726,1.3,1.52,0.999,0.564,0.151,0.375
Kuwait,Middle East and Northern Africa,39.0,6.295,1.554,1.166,0.725,0.555,0.256,0.162,41.0,6.239,1.617,0.878,0.636,0.432,0.237,0.16,39.0,6.105,1.633,1.26,0.632,0.496,0.215,0.228,45.0,6.083,1.474,1.301,0.675,0.554,0.106,0.167,51.0,6.021,1.5,1.319,0.808,0.493,0.097,0.142
El Salvador,Latin America and Caribbean,42.0,6.13,0.765,1.025,0.677,0.404,0.118,0.107,46.0,6.068,0.874,0.81,0.596,0.373,0.106,0.089,45.0,6.003,0.91,1.182,0.596,0.432,0.09,0.078,40.0,6.167,0.806,1.231,0.639,0.461,0.082,0.065,35.0,6.253,0.794,1.242,0.789,0.43,0.074,0.093
Guatemala,Latin America and Caribbean,43.0,6.123,0.746,1.044,0.644,0.577,0.095,0.275,39.0,6.324,0.835,0.871,0.54,0.504,0.087,0.288,29.0,6.454,0.872,1.256,0.54,0.531,0.077,0.283,30.0,6.382,0.781,1.268,0.608,0.604,0.071,0.179,27.0,6.436,0.8,1.269,0.746,0.535,0.078,0.175
Uzbekistan,Central and Eastern Europe,44.0,6.003,0.632,1.34,0.598,0.658,0.308,0.228,49.0,5.987,0.736,1.168,0.502,0.608,0.283,0.343,47.0,5.971,0.786,1.549,0.498,0.658,0.247,0.416,44.0,6.096,0.719,1.584,0.605,0.724,0.259,0.328,41.0,6.174,0.745,1.529,0.756,0.631,0.24,0.322
Slovakia,Central and Eastern Europe,45.0,5.995,1.169,1.27,0.789,0.318,0.034,0.169,45.0,6.078,1.28,1.083,0.704,0.234,0.029,0.138,40.0,6.098,1.325,1.505,0.713,0.296,0.024,0.137,39.0,6.173,1.21,1.537,0.776,0.354,0.014,0.118,38.0,6.198,1.246,1.504,0.881,0.334,0.014,0.121
Japan,Eastern Asia,46.0,5.987,1.271,1.257,0.991,0.496,0.181,0.107,53.0,5.921,1.38,1.061,0.915,0.468,0.19,0.102,51.0,5.92,1.417,1.436,0.913,0.506,0.164,0.121,54.0,5.915,1.294,1.462,0.988,0.553,0.15,0.079,58.0,5.886,1.327,1.419,1.088,0.445,0.14,0.069
South Korea,Eastern Asia,47.0,5.984,1.245,0.958,0.965,0.332,0.079,0.186,57.0,5.835,1.359,0.722,0.886,0.252,0.077,0.188,55.0,5.838,1.402,1.128,0.9,0.258,0.063,0.207,57.0,5.875,1.266,1.204,0.955,0.244,0.051,0.175,54.0,5.895,1.301,1.219,1.036,0.159,0.056,0.175
Ecuador,Latin America and Caribbean,48.0,5.975,0.864,0.999,0.791,0.486,0.181,0.115,51.0,5.976,0.973,0.86,0.686,0.403,0.18,0.101,44.0,6.008,1.001,1.286,0.686,0.455,0.14,0.15,48.0,5.973,0.889,1.33,0.736,0.556,0.12,0.114,50.0,6.028,0.912,1.312,0.868,0.498,0.087,0.126
Bahrain,Middle East and Northern Africa,49.0,5.96,1.324,1.216,0.747,0.455,0.306,0.174,42.0,6.218,1.44,0.944,0.657,0.474,0.258,0.171,41.0,6.087,1.488,1.323,0.653,0.537,0.257,0.173,43.0,6.105,1.338,1.366,0.698,0.594,0.123,0.243,37.0,6.199,1.362,1.368,0.871,0.536,0.11,0.255
Italy,Western Europe,50.0,5.948,1.251,1.198,0.954,0.262,0.029,0.228,50.0,5.977,1.355,1.042,0.851,0.188,0.026,0.167,48.0,5.964,1.395,1.445,0.853,0.256,0.028,0.173,47.0,6.0,1.264,1.501,0.946,0.281,0.028,0.137,36.0,6.223,1.294,1.488,1.039,0.231,0.03,0.158
Bolivia,Latin America and Caribbean,51.0,5.89,0.681,0.978,0.539,0.574,0.088,0.205,59.0,5.822,0.794,0.838,0.47,0.51,0.077,0.217,58.0,5.823,0.834,1.228,0.474,0.559,0.06,0.226,62.0,5.752,0.751,1.223,0.508,0.606,0.054,0.141,61.0,5.779,0.776,1.209,0.706,0.511,0.064,0.137
Moldova,Central and Eastern Europe,52.0,5.889,0.594,1.015,0.618,0.328,0.016,0.21,55.0,5.897,0.692,0.831,0.523,0.252,0.019,0.2,56.0,5.838,0.729,1.252,0.589,0.241,0.01,0.209,67.0,5.64,0.657,1.301,0.62,0.232,0.0,0.171,71.0,5.529,0.685,1.328,0.739,0.245,0.0,0.181
Paraguay,Latin America and Caribbean,53.0,5.878,0.76,1.305,0.661,0.539,0.082,0.342,70.0,5.538,0.894,1.111,0.583,0.462,0.074,0.253,70.0,5.493,0.933,1.507,0.579,0.474,0.091,0.224,64.0,5.681,0.835,1.522,0.615,0.541,0.074,0.162,63.0,5.743,0.855,1.475,0.777,0.514,0.08,0.184
Kazakhstan,Central and Eastern Europe,54.0,5.855,1.123,1.122,0.644,0.516,0.085,0.118,54.0,5.919,1.229,0.955,0.574,0.405,0.111,0.15,60.0,5.819,1.285,1.384,0.606,0.437,0.119,0.202,60.0,5.79,1.143,1.516,0.631,0.454,0.121,0.148,60.0,5.809,1.173,1.508,0.729,0.41,0.096,0.146
Slovenia,Central and Eastern Europe,55.0,5.848,1.185,1.274,0.873,0.609,0.038,0.253,63.0,5.768,1.299,1.056,0.792,0.532,0.036,0.257,62.0,5.758,1.341,1.453,0.791,0.573,0.045,0.243,51.0,5.948,1.219,1.506,0.856,0.633,0.051,0.16,44.0,6.118,1.258,1.523,0.953,0.564,0.057,0.144
Lithuania,Central and Eastern Europe,56.0,5.833,1.147,1.257,0.731,0.213,0.01,0.026,60.0,5.813,1.269,1.064,0.647,0.189,0.018,0.02,52.0,5.902,1.315,1.474,0.629,0.234,0.012,0.01,50.0,5.952,1.197,1.527,0.716,0.35,0.006,0.026,42.0,6.149,1.238,1.515,0.818,0.291,0.042,0.043
Nicaragua,Latin America and Caribbean,57.0,5.828,0.593,1.142,0.743,0.555,0.193,0.278,48.0,5.992,0.694,0.895,0.652,0.466,0.163,0.298,43.0,6.071,0.737,1.287,0.653,0.448,0.131,0.302,41.0,6.141,0.668,1.319,0.7,0.527,0.128,0.208,45.0,6.105,0.694,1.325,0.835,0.435,0.127,0.2
Peru,Latin America and Caribbean,58.0,5.824,0.9,0.975,0.73,0.415,0.06,0.15,64.0,5.743,0.996,0.813,0.63,0.375,0.053,0.145,63.0,5.715,1.035,1.219,0.63,0.45,0.047,0.127,65.0,5.663,0.934,1.249,0.674,0.53,0.034,0.092,65.0,5.697,0.96,1.274,0.854,0.455,0.027,0.083
Belarus,Central and Eastern Europe,59.0,5.813,1.032,1.233,0.736,0.379,0.191,0.11,61.0,5.802,1.131,1.05,0.631,0.291,0.175,0.139,67.0,5.569,1.157,1.445,0.638,0.295,0.156,0.155,73.0,5.483,1.039,1.498,0.7,0.307,0.154,0.101,81.0,5.323,1.067,1.465,0.789,0.235,0.142,0.094
Poland,Central and Eastern Europe,60.0,5.791,1.126,1.279,0.779,0.531,0.042,0.168,57.0,5.835,1.246,1.047,0.691,0.452,0.055,0.144,46.0,5.973,1.292,1.446,0.699,0.52,0.059,0.158,42.0,6.123,1.176,1.448,0.781,0.546,0.064,0.108,40.0,6.182,1.206,1.438,0.884,0.483,0.05,0.117
Malaysia,Southeastern Asia,61.0,5.77,1.125,1.07,0.724,0.53,0.105,0.331,47.0,6.005,1.251,0.88,0.624,0.39,0.091,0.415,42.0,6.084,1.291,1.285,0.619,0.402,0.066,0.417,35.0,6.322,1.161,1.258,0.669,0.356,0.059,0.311,80.0,5.339,1.221,1.171,0.828,0.508,0.024,0.26
Croatia,Central and Eastern Europe,62.0,5.759,1.083,0.796,0.788,0.259,0.024,0.054,74.0,5.488,1.186,0.608,0.705,0.239,0.04,0.184,77.0,5.293,1.223,0.968,0.701,0.256,0.043,0.248,82.0,5.321,1.115,1.161,0.737,0.38,0.039,0.12,75.0,5.432,1.155,1.266,0.914,0.296,0.022,0.119
Libya,Middle East and Northern Africa,63.0,5.754,1.131,1.119,0.704,0.417,0.11,0.183,67.0,5.615,1.067,0.951,0.523,0.407,0.103,0.171,68.0,5.525,1.102,1.358,0.52,0.466,0.093,0.152,70.0,5.566,0.985,1.35,0.553,0.496,0.148,0.116,72.0,5.525,1.044,1.303,0.673,0.416,0.152,0.133
Russia,Central and Eastern Europe,64.0,5.716,1.138,1.236,0.669,0.367,0.03,0.002,56.0,5.856,1.232,1.053,0.59,0.327,0.036,0.027,49.0,5.963,1.282,1.469,0.547,0.374,0.033,0.052,59.0,5.81,1.151,1.479,0.599,0.399,0.025,0.065,68.0,5.648,1.183,1.452,0.726,0.334,0.031,0.082
Jamaica,Latin America and Caribbean,65.0,5.709,0.81,1.151,0.687,0.504,0.023,0.212,73.0,5.51,0.893,0.964,0.595,0.436,0.043,0.222,76.0,5.311,0.926,1.368,0.641,0.474,0.055,0.234,56.0,5.89,0.819,1.493,0.693,0.575,0.031,0.096,56.0,5.89,0.831,1.478,0.831,0.49,0.028,0.107
Cyprus,Western Europe,67.0,5.689,1.208,0.893,0.924,0.407,0.061,0.306,69.0,5.546,1.319,0.707,0.849,0.295,0.052,0.279,65.0,5.621,1.356,1.131,0.845,0.355,0.041,0.271,61.0,5.762,1.229,1.191,0.909,0.423,0.035,0.202,49.0,6.046,1.263,1.223,1.042,0.406,0.041,0.19
Algeria,Middle East and Northern Africa,68.0,5.605,0.939,1.078,0.618,0.286,0.174,0.078,38.0,6.355,1.053,0.833,0.618,0.21,0.162,0.07,53.0,5.872,1.092,1.146,0.618,0.233,0.146,0.069,84.0,5.295,0.979,1.154,0.687,0.077,0.135,0.055,88.0,5.211,1.002,1.16,0.785,0.086,0.114,0.073
Kosovo,Central and Eastern Europe,69.0,5.589,0.801,0.812,0.631,0.247,0.047,0.283,77.0,5.401,0.901,0.661,0.54,0.144,0.065,0.28,78.0,5.279,0.951,1.138,0.541,0.26,0.057,0.32,66.0,5.662,0.855,1.23,0.578,0.448,0.023,0.274,46.0,6.1,0.882,1.232,0.758,0.489,0.006,0.262
Turkmenistan,Central and Eastern Europe,70.0,5.548,0.958,1.227,0.539,0.476,0.308,0.17,65.0,5.658,1.08,1.038,0.44,0.374,0.285,0.226,59.0,5.822,1.131,1.493,0.438,0.418,0.259,0.25,68.0,5.636,1.016,1.533,0.517,0.417,0.037,0.199,87.0,5.247,1.052,1.538,0.657,0.394,0.028,0.244
Mauritius,Sub-Saharan Africa,71.0,5.477,1.008,0.985,0.71,0.561,0.075,0.377,66.0,5.648,1.144,0.757,0.662,0.461,0.052,0.37,64.0,5.629,1.189,1.21,0.638,0.491,0.042,0.361,55.0,5.891,1.09,1.387,0.684,0.584,0.05,0.245,57.0,5.888,1.12,1.402,0.798,0.498,0.06,0.215
Estonia,Central and Eastern Europe,73.0,5.429,1.152,1.228,0.774,0.449,0.152,0.087,72.0,5.517,1.28,1.052,0.681,0.415,0.185,0.084,66.0,5.611,1.321,1.477,0.695,0.479,0.183,0.099,63.0,5.739,1.2,1.532,0.737,0.553,0.174,0.086,55.0,5.893,1.237,1.528,0.874,0.495,0.161,0.103
Indonesia,Southeastern Asia,74.0,5.399,0.828,1.087,0.638,0.466,0.0,0.515,79.0,5.314,0.951,0.876,0.494,0.392,0.003,0.565,81.0,5.262,0.996,1.274,0.492,0.443,0.015,0.612,96.0,5.093,0.899,1.215,0.522,0.538,0.018,0.484,92.0,5.192,0.931,1.203,0.66,0.491,0.028,0.498
Vietnam,Southeastern Asia,75.0,5.36,0.632,0.912,0.747,0.594,0.104,0.169,96.0,5.061,0.74,0.791,0.662,0.56,0.116,0.251,94.0,5.074,0.789,1.277,0.652,0.571,0.088,0.235,95.0,5.103,0.715,1.365,0.702,0.618,0.079,0.177,94.0,5.175,0.741,1.346,0.851,0.543,0.073,0.147
Turkey,Middle East and Northern Africa,76.0,5.332,1.061,0.946,0.732,0.228,0.157,0.123,78.0,5.389,1.165,0.877,0.647,0.239,0.123,0.047,69.0,5.5,1.198,1.338,0.638,0.301,0.1,0.047,74.0,5.483,1.148,1.38,0.686,0.324,0.109,0.106,79.0,5.373,1.183,1.36,0.808,0.195,0.106,0.083
Kyrgyzstan,Central and Eastern Europe,77.0,5.286,0.474,1.151,0.651,0.435,0.042,0.3,85.0,5.185,0.56,0.954,0.554,0.402,0.048,0.384,98.0,5.004,0.596,1.394,0.553,0.455,0.039,0.429,92.0,5.131,0.53,1.416,0.594,0.54,0.035,0.281,86.0,5.261,0.551,1.438,0.723,0.508,0.023,0.3
Nigeria,Sub-Saharan Africa,78.0,5.268,0.654,0.904,0.16,0.343,0.04,0.272,103.0,4.875,0.752,0.645,0.051,0.279,0.031,0.232,95.0,5.074,0.784,1.216,0.057,0.395,0.026,0.231,91.0,5.155,0.689,1.172,0.048,0.462,0.032,0.201,85.0,5.265,0.696,1.111,0.245,0.426,0.041,0.215
Bhutan,Southern Asia,79.0,5.253,0.77,1.104,0.574,0.532,0.154,0.48,84.0,5.196,0.853,0.908,0.498,0.461,0.162,0.485,97.0,5.011,0.885,1.34,0.496,0.502,0.173,0.474,97.0,5.082,0.796,1.335,0.527,0.541,0.171,0.364,95.0,5.082,0.813,1.321,0.604,0.457,0.167,0.37
Azerbaijan,Central and Eastern Europe,80.0,5.212,1.024,0.938,0.64,0.37,0.161,0.078,81.0,5.291,1.124,0.76,0.545,0.353,0.179,0.056,85.0,5.234,1.154,1.152,0.541,0.398,0.181,0.045,87.0,5.201,1.024,1.161,0.603,0.43,0.176,0.031,90.0,5.208,1.043,1.147,0.769,0.351,0.182,0.035
Pakistan,Southern Asia,81.0,5.194,0.595,0.414,0.515,0.121,0.105,0.337,92.0,5.132,0.688,0.261,0.403,0.146,0.139,0.312,80.0,5.269,0.727,0.673,0.402,0.235,0.124,0.315,75.0,5.472,0.652,0.81,0.424,0.334,0.113,0.216,67.0,5.653,0.677,0.886,0.535,0.313,0.098,0.22
Jordan,Middle East and Northern Africa,82.0,5.192,0.902,1.054,0.696,0.407,0.143,0.111,80.0,5.303,0.997,0.862,0.607,0.36,0.133,0.143,74.0,5.336,0.991,1.239,0.605,0.418,0.12,0.172,90.0,5.161,0.822,1.265,0.645,0.468,0.134,0.13,101.0,4.906,0.837,1.225,0.815,0.383,0.13,0.11
Montenegro,Central and Eastern Europe,82.0,5.192,0.974,0.906,0.725,0.183,0.143,0.161,88.0,5.161,1.078,0.742,0.635,0.151,0.127,0.172,83.0,5.237,1.121,1.238,0.667,0.195,0.088,0.198,81.0,5.347,1.017,1.279,0.729,0.259,0.081,0.111,73.0,5.523,1.051,1.361,0.871,0.197,0.08,0.142
China,Eastern Asia,84.0,5.14,0.89,0.947,0.817,0.517,0.028,0.082,83.0,5.245,1.028,0.794,0.736,0.44,0.027,0.05,79.0,5.273,1.081,1.161,0.741,0.473,0.023,0.029,86.0,5.246,0.989,1.142,0.799,0.597,0.103,0.029,93.0,5.191,1.029,1.125,0.893,0.521,0.1,0.058
Zambia,Sub-Saharan Africa,85.0,5.129,0.47,0.916,0.299,0.488,0.125,0.196,106.0,4.795,0.612,0.638,0.236,0.427,0.115,0.179,116.0,4.514,0.636,1.003,0.258,0.462,0.078,0.25,125.0,4.377,0.562,1.047,0.295,0.503,0.082,0.221,138.0,4.107,0.578,1.058,0.426,0.431,0.087,0.247
Romania,Central and Eastern Europe,86.0,5.124,1.043,0.886,0.769,0.351,0.006,0.137,71.0,5.528,1.17,0.728,0.676,0.367,0.007,0.129,57.0,5.825,1.218,1.15,0.685,0.457,0.004,0.134,52.0,5.945,1.116,1.219,0.726,0.528,0.001,0.088,48.0,6.07,1.162,1.232,0.825,0.462,0.005,0.083
Serbia,Central and Eastern Europe,87.0,5.123,0.921,1.01,0.748,0.201,0.026,0.192,86.0,5.177,1.034,0.813,0.646,0.157,0.043,0.207,73.0,5.395,1.069,1.258,0.651,0.209,0.041,0.22,78.0,5.398,0.975,1.369,0.685,0.288,0.043,0.134,70.0,5.603,1.004,1.383,0.854,0.282,0.039,0.137
Portugal,Western Europe,88.0,5.102,1.16,1.139,0.875,0.515,0.011,0.137,94.0,5.123,1.276,0.944,0.794,0.447,0.015,0.117,89.0,5.195,1.315,1.367,0.796,0.498,0.016,0.095,77.0,5.41,1.188,1.429,0.884,0.562,0.017,0.055,66.0,5.693,1.221,1.431,0.999,0.508,0.025,0.047
Latvia,Central and Eastern Europe,89.0,5.098,1.113,1.096,0.724,0.297,0.063,0.182,68.0,5.56,1.218,0.95,0.64,0.28,0.089,0.174,54.0,5.85,1.261,1.405,0.639,0.326,0.074,0.153,53.0,5.933,1.148,1.454,0.671,0.363,0.066,0.092,53.0,5.94,1.187,1.465,0.812,0.264,0.064,0.075
Philippines,Southeastern Asia,90.0,5.073,0.705,1.035,0.581,0.625,0.123,0.25,82.0,5.279,0.812,0.879,0.47,0.549,0.118,0.217,72.0,5.43,0.858,1.254,0.468,0.585,0.099,0.194,71.0,5.524,0.775,1.312,0.513,0.643,0.105,0.12,69.0,5.631,0.807,1.293,0.657,0.558,0.107,0.117
Morocco,Middle East and Northern Africa,92.0,5.013,0.735,0.641,0.61,0.417,0.085,0.072,90.0,5.151,0.841,0.386,0.595,0.256,0.084,0.041,84.0,5.235,0.878,0.775,0.598,0.408,0.088,0.032,85.0,5.254,0.779,0.797,0.669,0.46,0.074,0.026,89.0,5.208,0.801,0.782,0.782,0.418,0.076,0.036
Albania,Central and Eastern Europe,95.0,4.959,0.879,0.804,0.813,0.357,0.064,0.143,109.0,4.655,0.955,0.502,0.73,0.319,0.053,0.168,109.0,4.644,0.996,0.804,0.731,0.381,0.04,0.201,112.0,4.586,0.916,0.817,0.79,0.419,0.032,0.149,107.0,4.719,0.947,0.848,0.874,0.383,0.027,0.178
Bosnia and Herzegovina,Central and Eastern Europe,96.0,4.949,0.832,0.919,0.791,0.092,0.002,0.248,87.0,5.163,0.934,0.644,0.708,0.095,0.0,0.299,90.0,5.182,0.982,1.069,0.705,0.204,0.0,0.329,93.0,5.129,0.915,1.078,0.758,0.28,0.0,0.216,78.0,5.386,0.945,1.212,0.845,0.212,0.006,0.263
Dominican Republic,Latin America and Caribbean,98.0,4.885,0.895,1.172,0.668,0.577,0.142,0.217,89.0,5.155,1.028,0.995,0.577,0.523,0.124,0.213,86.0,5.23,1.079,1.402,0.575,0.553,0.114,0.187,83.0,5.302,0.982,1.441,0.614,0.578,0.106,0.12,77.0,5.425,1.015,1.401,0.779,0.497,0.101,0.113
Mongolia,Eastern Asia,100.0,4.874,0.828,1.301,0.603,0.436,0.027,0.332,101.0,4.907,0.989,1.09,0.555,0.36,0.033,0.345,100.0,4.955,1.027,1.493,0.558,0.394,0.033,0.338,94.0,5.125,0.914,1.517,0.575,0.395,0.032,0.253,83.0,5.285,0.948,1.531,0.667,0.317,0.038,0.235
Greece,Western Europe,102.0,4.857,1.154,0.929,0.882,0.077,0.014,0.0,99.0,5.033,1.249,0.755,0.8,0.058,0.041,0.0,87.0,5.227,1.289,1.239,0.81,0.096,0.043,0.0,79.0,5.358,1.154,1.202,0.879,0.131,0.044,0.0,82.0,5.287,1.181,1.156,0.999,0.067,0.034,0.0
Lebanon,Middle East and Northern Africa,103.0,4.839,1.026,0.8,0.839,0.339,0.046,0.219,93.0,5.129,1.123,0.642,0.762,0.262,0.031,0.237,88.0,5.225,1.075,1.13,0.735,0.289,0.038,0.264,80.0,5.358,0.965,1.179,0.785,0.503,0.136,0.214,91.0,5.197,0.987,1.224,0.815,0.216,0.027,0.166
Hungary,Central and Eastern Europe,104.0,4.8,1.121,1.202,0.759,0.321,0.028,0.128,91.0,5.145,1.241,0.932,0.676,0.198,0.045,0.099,75.0,5.324,1.286,1.343,0.688,0.176,0.037,0.078,69.0,5.62,1.171,1.401,0.732,0.259,0.022,0.061,62.0,5.758,1.201,1.41,0.828,0.199,0.02,0.081
Honduras,Latin America and Caribbean,105.0,4.788,0.595,0.953,0.695,0.401,0.068,0.23,104.0,4.871,0.694,0.756,0.584,0.268,0.069,0.204,91.0,5.181,0.731,1.144,0.583,0.348,0.073,0.236,72.0,5.504,0.62,1.205,0.622,0.459,0.074,0.197,59.0,5.86,0.642,1.236,0.828,0.507,0.078,0.246
Tajikistan,Central and Eastern Europe,106.0,4.786,0.39,0.856,0.574,0.472,0.151,0.23,100.0,4.996,0.488,0.756,0.531,0.434,0.135,0.26,96.0,5.041,0.525,1.271,0.529,0.472,0.146,0.249,88.0,5.199,0.474,1.166,0.598,0.292,0.034,0.187,74.0,5.467,0.493,1.098,0.718,0.389,0.144,0.23
Tunisia,Middle East and Northern Africa,107.0,4.739,0.881,0.604,0.738,0.263,0.064,0.064,98.0,5.045,0.977,0.432,0.596,0.236,0.082,0.039,102.0,4.805,1.007,0.868,0.613,0.29,0.087,0.05,111.0,4.592,0.9,0.906,0.69,0.271,0.063,0.04,124.0,4.461,0.921,1.0,0.815,0.167,0.055,0.059
Palestinian Territories,Middle East and Northern Africa,108.0,4.715,0.599,0.926,0.66,0.245,0.129,0.113,108.0,4.754,0.67,0.716,0.568,0.177,0.106,0.112,103.0,4.775,0.716,1.156,0.566,0.255,0.089,0.114,104.0,4.743,0.642,1.217,0.602,0.266,0.076,0.086,110.0,4.696,0.657,1.247,0.672,0.225,0.066,0.103
Bangladesh,Southern Asia,109.0,4.694,0.398,0.431,0.602,0.408,0.126,0.212,110.0,4.643,0.542,0.247,0.53,0.398,0.126,0.191,110.0,4.608,0.587,0.735,0.533,0.478,0.124,0.172,115.0,4.5,0.532,0.85,0.579,0.58,0.144,0.153,125.0,4.456,0.562,0.928,0.723,0.527,0.143,0.166
Iran,Middle East and Northern Africa,110.0,4.686,1.009,0.544,0.698,0.3,0.059,0.381,105.0,4.813,1.118,0.389,0.642,0.225,0.056,0.385,108.0,4.692,1.157,0.712,0.639,0.249,0.049,0.387,106.0,4.707,1.059,0.771,0.691,0.459,0.129,0.282,117.0,4.548,1.1,0.842,0.785,0.305,0.125,0.27
Ukraine,Central and Eastern Europe,111.0,4.681,0.799,1.203,0.674,0.251,0.03,0.153,123.0,4.324,0.873,1.014,0.586,0.129,0.018,0.204,132.0,4.096,0.895,1.395,0.576,0.123,0.023,0.27,138.0,4.103,0.793,1.413,0.609,0.163,0.011,0.187,133.0,4.332,0.82,1.39,0.739,0.178,0.01,0.187
Iraq,Middle East and Northern Africa,112.0,4.677,0.985,0.819,0.602,0.0,0.138,0.179,112.0,4.575,1.075,0.592,0.511,0.249,0.136,0.196,117.0,4.497,1.103,0.979,0.501,0.289,0.107,0.2,117.0,4.456,1.01,0.971,0.536,0.304,0.095,0.148,126.0,4.437,1.043,0.98,0.574,0.241,0.089,0.148
South Africa,Sub-Saharan Africa,113.0,4.642,0.92,1.185,0.277,0.332,0.089,0.12,116.0,4.459,1.024,0.961,0.186,0.425,0.084,0.137,101.0,4.829,1.055,1.385,0.187,0.479,0.073,0.139,105.0,4.724,0.94,1.41,0.33,0.516,0.056,0.103,106.0,4.722,0.96,1.351,0.469,0.389,0.055,0.13
Ghana,Sub-Saharan Africa,114.0,4.633,0.546,0.68,0.401,0.423,0.044,0.231,124.0,4.276,0.631,0.494,0.297,0.41,0.033,0.212,131.0,4.12,0.667,0.874,0.296,0.423,0.025,0.257,108.0,4.657,0.592,0.896,0.337,0.499,0.029,0.212,98.0,4.996,0.611,0.868,0.486,0.381,0.04,0.245
Zimbabwe,Sub-Saharan Africa,115.0,4.61,0.271,1.033,0.335,0.259,0.081,0.19,131.0,4.193,0.35,0.715,0.16,0.254,0.086,0.185,138.0,3.875,0.376,1.083,0.197,0.336,0.095,0.189,144.0,3.692,0.357,1.094,0.248,0.406,0.099,0.132,146.0,3.663,0.366,1.114,0.433,0.361,0.089,0.151
Liberia,Sub-Saharan Africa,116.0,4.571,0.071,0.79,0.342,0.285,0.062,0.244,150.0,3.622,0.107,0.504,0.232,0.257,0.049,0.241,148.0,3.533,0.119,0.872,0.23,0.333,0.039,0.267,149.0,3.495,0.076,0.858,0.267,0.419,0.03,0.206,141.0,3.975,0.073,0.922,0.443,0.37,0.033,0.233
India,Southern Asia,117.0,4.565,0.645,0.382,0.515,0.398,0.085,0.265,118.0,4.404,0.74,0.292,0.451,0.403,0.087,0.25,122.0,4.315,0.792,0.754,0.455,0.47,0.092,0.232,133.0,4.19,0.721,0.747,0.485,0.539,0.093,0.172,140.0,4.015,0.755,0.765,0.588,0.498,0.085,0.2
Haiti,Latin America and Caribbean,119.0,4.518,0.267,0.743,0.388,0.244,0.172,0.462,136.0,4.028,0.341,0.296,0.275,0.121,0.145,0.48,145.0,3.603,0.369,0.64,0.277,0.03,0.1,0.489,148.0,3.582,0.315,0.714,0.289,0.025,0.104,0.392,147.0,3.597,0.323,0.688,0.449,0.026,0.11,0.419
Congo (Kinshasa),Sub-Saharan Africa,120.0,4.517,0.0,1.001,0.098,0.226,0.076,0.248,125.0,4.272,0.057,0.807,0.188,0.156,0.061,0.255,126.0,4.28,0.092,1.229,0.191,0.236,0.06,0.246,132.0,4.245,0.069,1.136,0.204,0.312,0.052,0.197,127.0,4.418,0.094,1.125,0.357,0.269,0.053,0.212
Nepal,Southern Asia,121.0,4.514,0.36,0.864,0.569,0.383,0.059,0.323,107.0,4.793,0.446,0.697,0.501,0.37,0.07,0.382,99.0,4.962,0.48,1.179,0.504,0.44,0.073,0.394,101.0,4.88,0.425,1.228,0.539,0.526,0.078,0.302,100.0,4.913,0.446,1.226,0.677,0.439,0.089,0.285
Ethiopia,Sub-Saharan Africa,122.0,4.512,0.191,0.604,0.441,0.435,0.15,0.243,115.0,4.508,0.293,0.379,0.346,0.367,0.172,0.295,119.0,4.46,0.339,0.865,0.353,0.409,0.165,0.313,127.0,4.35,0.308,0.95,0.391,0.452,0.146,0.22,134.0,4.286,0.336,1.033,0.532,0.344,0.1,0.209
Sierra Leone,Sub-Saharan Africa,123.0,4.507,0.33,0.956,0.0,0.408,0.088,0.215,111.0,4.635,0.365,0.628,0.0,0.307,0.082,0.239,106.0,4.709,0.368,0.984,0.006,0.319,0.071,0.293,113.0,4.571,0.256,0.813,0.0,0.355,0.053,0.238,129.0,4.374,0.268,0.841,0.242,0.309,0.045,0.252
Mauritania,Sub-Saharan Africa,124.0,4.436,0.454,0.869,0.359,0.242,0.175,0.219,130.0,4.201,0.614,0.841,0.286,0.127,0.18,0.227,123.0,4.292,0.648,1.272,0.285,0.096,0.137,0.202,126.0,4.356,0.557,1.245,0.292,0.129,0.093,0.134,122.0,4.49,0.57,1.167,0.489,0.066,0.088,0.106
Kenya,Sub-Saharan Africa,125.0,4.419,0.365,0.999,0.414,0.422,0.058,0.375,122.0,4.356,0.523,0.762,0.301,0.406,0.067,0.413,112.0,4.553,0.56,1.068,0.31,0.453,0.065,0.445,124.0,4.41,0.493,1.048,0.454,0.504,0.055,0.352,121.0,4.509,0.512,0.983,0.581,0.431,0.053,0.372
Armenia,Central and Eastern Europe,127.0,4.35,0.768,0.777,0.73,0.198,0.039,0.079,121.0,4.36,0.861,0.625,0.641,0.14,0.036,0.078,121.0,4.376,0.901,1.007,0.638,0.198,0.027,0.083,129.0,4.321,0.816,0.99,0.666,0.26,0.028,0.077,116.0,4.559,0.85,1.055,0.815,0.283,0.064,0.095
Botswana,Sub-Saharan Africa,128.0,4.332,0.994,1.105,0.048,0.495,0.125,0.105,137.0,3.974,1.094,0.892,0.348,0.441,0.108,0.124,142.0,3.766,1.122,1.222,0.342,0.505,0.099,0.099,146.0,3.59,1.017,1.174,0.417,0.557,0.092,0.042,148.0,3.488,1.041,1.145,0.538,0.455,0.1,0.025
Myanmar,Southeastern Asia,129.0,4.307,0.271,0.709,0.482,0.44,0.19,0.796,119.0,4.395,0.341,0.7,0.399,0.427,0.202,0.82,114.0,4.545,0.367,1.123,0.398,0.514,0.189,0.838,130.0,4.308,0.682,1.174,0.429,0.58,0.178,0.598,131.0,4.36,0.71,1.181,0.555,0.525,0.172,0.566
Georgia,Central and Eastern Europe,130.0,4.297,0.742,0.386,0.729,0.406,0.383,0.055,126.0,4.252,0.838,0.192,0.64,0.325,0.319,0.068,125.0,4.286,0.951,0.571,0.65,0.309,0.252,0.054,128.0,4.34,0.853,0.592,0.643,0.375,0.215,0.038,119.0,4.519,0.886,0.666,0.752,0.346,0.164,0.043
Malawi,Sub-Saharan Africa,131.0,4.292,0.016,0.411,0.226,0.431,0.07,0.331,132.0,4.156,0.087,0.147,0.294,0.414,0.076,0.31,136.0,3.97,0.233,0.513,0.315,0.467,0.073,0.287,147.0,3.587,0.186,0.541,0.306,0.531,0.08,0.21,150.0,3.41,0.191,0.56,0.495,0.443,0.089,0.218
Sri Lanka,Southern Asia,132.0,4.271,0.835,1.019,0.708,0.537,0.092,0.408,117.0,4.415,0.973,0.848,0.62,0.508,0.08,0.47,120.0,4.44,1.01,1.26,0.625,0.561,0.074,0.491,116.0,4.471,0.918,1.314,0.672,0.585,0.05,0.307,130.0,4.366,0.949,1.265,0.831,0.47,0.047,0.244
Cameroon,Sub-Saharan Africa,133.0,4.252,0.423,0.888,0.234,0.493,0.058,0.206,114.0,4.513,0.525,0.625,0.127,0.427,0.061,0.227,107.0,4.695,0.564,0.946,0.133,0.43,0.051,0.236,99.0,4.975,0.535,0.891,0.182,0.454,0.043,0.183,96.0,5.044,0.549,0.91,0.331,0.381,0.037,0.187
Bulgaria,Central and Eastern Europe,134.0,4.218,1.012,1.106,0.766,0.306,0.009,0.119,129.0,4.217,1.113,0.925,0.678,0.212,0.006,0.128,105.0,4.714,1.161,1.434,0.708,0.289,0.011,0.113,100.0,4.933,1.054,1.515,0.712,0.359,0.009,0.064,97.0,5.011,1.092,1.513,0.815,0.311,0.004,0.081
Egypt,Middle East and Northern Africa,135.0,4.194,0.882,0.747,0.617,0.173,0.063,0.113,120.0,4.362,0.954,0.498,0.521,0.188,0.104,0.127,104.0,4.735,0.99,0.997,0.52,0.282,0.114,0.129,122.0,4.419,0.885,1.025,0.553,0.312,0.107,0.092,137.0,4.166,0.913,1.039,0.644,0.241,0.067,0.076
Yemen,Middle East and Northern Africa,136.0,4.077,0.546,0.681,0.401,0.356,0.079,0.091,147.0,3.724,0.579,0.475,0.31,0.229,0.059,0.098,146.0,3.593,0.592,0.935,0.31,0.249,0.057,0.104,152.0,3.355,0.442,1.073,0.343,0.244,0.064,0.083,151.0,3.38,0.287,1.163,0.463,0.143,0.077,0.108
Mali,Sub-Saharan Africa,138.0,3.995,0.261,1.035,0.206,0.389,0.124,0.188,135.0,4.073,0.313,0.863,0.163,0.275,0.136,0.211,127.0,4.19,0.476,1.281,0.169,0.307,0.105,0.183,118.0,4.447,0.37,1.233,0.152,0.367,0.056,0.139,128.0,4.39,0.385,1.105,0.308,0.327,0.052,0.153
Congo (Brazzaville),Sub-Saharan Africa,139.0,3.989,0.679,0.663,0.311,0.415,0.117,0.124,127.0,4.236,0.771,0.478,0.282,0.379,0.098,0.121,124.0,4.291,0.809,0.832,0.29,0.435,0.08,0.121,114.0,4.559,0.682,0.811,0.343,0.514,0.077,0.091,103.0,4.812,0.673,0.799,0.508,0.372,0.093,0.105
Uganda,Sub-Saharan Africa,141.0,3.931,0.211,1.133,0.339,0.457,0.073,0.291,145.0,3.739,0.347,0.91,0.196,0.437,0.064,0.271,133.0,4.081,0.381,1.13,0.218,0.443,0.057,0.326,135.0,4.161,0.322,1.09,0.237,0.45,0.061,0.259,136.0,4.189,0.332,1.069,0.443,0.356,0.06,0.252
Senegal,Sub-Saharan Africa,142.0,3.904,0.365,0.976,0.435,0.368,0.107,0.208,128.0,4.219,0.443,0.774,0.405,0.311,0.117,0.191,115.0,4.535,0.479,1.18,0.409,0.378,0.115,0.183,109.0,4.631,0.429,1.117,0.433,0.406,0.082,0.138,111.0,4.681,0.45,1.134,0.571,0.292,0.072,0.153
Gabon,Sub-Saharan Africa,143.0,3.896,1.06,0.905,0.434,0.319,0.111,0.068,134.0,4.121,1.159,0.724,0.349,0.281,0.093,0.062,118.0,4.465,1.198,1.156,0.357,0.312,0.076,0.044,103.0,4.758,1.036,1.164,0.404,0.356,0.052,0.032,104.0,4.799,1.057,1.183,0.571,0.295,0.055,0.043
Niger,Sub-Saharan Africa,144.0,3.845,0.069,0.773,0.297,0.477,0.156,0.194,142.0,3.856,0.133,0.605,0.262,0.38,0.172,0.21,135.0,4.028,0.162,0.993,0.269,0.364,0.139,0.229,134.0,4.166,0.131,0.867,0.221,0.39,0.099,0.175,114.0,4.628,0.138,0.774,0.366,0.318,0.102,0.188
Cambodia,Southeastern Asia,145.0,3.819,0.46,0.627,0.611,0.662,0.072,0.404,140.0,3.907,0.556,0.538,0.425,0.589,0.081,0.403,129.0,4.168,0.602,1.006,0.43,0.633,0.068,0.386,120.0,4.433,0.549,1.088,0.457,0.696,0.065,0.256,109.0,4.7,0.574,1.122,0.637,0.609,0.062,0.232
Tanzania,Sub-Saharan Africa,146.0,3.781,0.285,1.003,0.382,0.329,0.057,0.344,149.0,3.666,0.472,0.776,0.357,0.318,0.051,0.315,153.0,3.349,0.511,1.042,0.365,0.39,0.066,0.354,153.0,3.303,0.455,0.991,0.381,0.481,0.097,0.27,153.0,3.231,0.476,0.885,0.499,0.417,0.147,0.276
Madagascar,Sub-Saharan Africa,147.0,3.681,0.208,0.668,0.467,0.192,0.081,0.213,148.0,3.695,0.28,0.461,0.371,0.137,0.075,0.22,144.0,3.644,0.306,0.913,0.375,0.189,0.067,0.209,143.0,3.774,0.262,0.908,0.402,0.221,0.049,0.155,143.0,3.933,0.274,0.916,0.555,0.148,0.041,0.169
Chad,Sub-Saharan Africa,149.0,3.667,0.342,0.761,0.15,0.235,0.053,0.184,144.0,3.763,0.422,0.632,0.038,0.128,0.05,0.187,137.0,3.936,0.438,0.954,0.041,0.162,0.054,0.216,131.0,4.301,0.358,0.907,0.053,0.189,0.06,0.181,132.0,4.35,0.35,0.766,0.192,0.174,0.078,0.198
Guinea,Sub-Saharan Africa,150.0,3.656,0.174,0.465,0.24,0.377,0.121,0.287,151.0,3.607,0.224,0.311,0.188,0.31,0.119,0.299,149.0,3.507,0.245,0.791,0.194,0.349,0.111,0.265,140.0,3.964,0.344,0.792,0.211,0.394,0.094,0.185,118.0,4.534,0.38,0.829,0.375,0.332,0.086,0.207
Ivory Coast,Sub-Saharan Africa,151.0,3.655,0.465,0.771,0.152,0.469,0.179,0.202,139.0,3.916,0.555,0.576,0.045,0.407,0.155,0.203,128.0,4.18,0.603,0.905,0.049,0.448,0.13,0.201,107.0,4.671,0.541,0.872,0.08,0.467,0.103,0.146,99.0,4.944,0.569,0.808,0.232,0.352,0.09,0.154
Burkina Faso,Sub-Saharan Africa,152.0,3.587,0.258,0.852,0.271,0.395,0.128,0.217,145.0,3.739,0.32,0.631,0.213,0.334,0.125,0.244,134.0,4.032,0.35,1.043,0.216,0.324,0.12,0.251,121.0,4.424,0.314,1.097,0.254,0.312,0.128,0.175,115.0,4.587,0.331,1.056,0.38,0.255,0.113,0.177
Afghanistan,Southern Asia,153.0,3.575,0.32,0.303,0.303,0.234,0.097,0.365,154.0,3.36,0.382,0.11,0.173,0.164,0.071,0.313,141.0,3.794,0.401,0.582,0.181,0.106,0.061,0.312,145.0,3.632,0.332,0.537,0.255,0.085,0.036,0.191,154.0,3.203,0.35,0.517,0.361,0.0,0.025,0.158
Rwanda,Sub-Saharan Africa,154.0,3.465,0.222,0.774,0.429,0.592,0.552,0.226,152.0,3.515,0.328,0.616,0.319,0.543,0.505,0.236,151.0,3.471,0.369,0.946,0.326,0.582,0.455,0.253,151.0,3.408,0.332,0.896,0.4,0.636,0.444,0.2,152.0,3.334,0.359,0.711,0.614,0.555,0.411,0.217
Benin,Sub-Saharan Africa,155.0,3.34,0.287,0.354,0.319,0.485,0.08,0.183,153.0,3.484,0.395,0.104,0.21,0.397,0.067,0.202,143.0,3.657,0.431,0.435,0.21,0.426,0.061,0.208,136.0,4.141,0.378,0.372,0.24,0.44,0.067,0.163,102.0,4.883,0.393,0.437,0.397,0.349,0.082,0.175
Syria,Middle East and Northern Africa,156.0,3.006,0.663,0.475,0.722,0.157,0.189,0.472,156.0,3.069,0.747,0.149,0.63,0.069,0.172,0.484,152.0,3.462,0.777,0.396,0.501,0.082,0.151,0.494,150.0,3.462,0.689,0.382,0.539,0.088,0.144,0.376,149.0,3.462,0.619,0.378,0.44,0.013,0.141,0.331
Burundi,Sub-Saharan Africa,157.0,2.905,0.015,0.416,0.224,0.119,0.101,0.197,157.0,2.905,0.068,0.234,0.157,0.043,0.094,0.203,154.0,2.905,0.092,0.63,0.152,0.06,0.084,0.204,156.0,2.905,0.091,0.627,0.145,0.065,0.076,0.149,145.0,3.775,0.046,0.447,0.38,0.22,0.18,0.176
Togo,Sub-Saharan Africa,158.0,2.839,0.209,0.14,0.284,0.365,0.107,0.167,155.0,3.303,0.281,0.0,0.248,0.347,0.116,0.175,150.0,3.495,0.305,0.432,0.247,0.38,0.096,0.197,139.0,3.999,0.259,0.474,0.253,0.434,0.101,0.158,139.0,4.085,0.275,0.572,0.41,0.293,0.085,0.177
